treehugger30,Vanguard
Suns Light,Vanguard
olenik_2,Vanguard
Katze btw,Vanguard
kahto,Vanguard
Z ion,Diamond
Yasuuo,Diamond
xurbie,Diamond
Xodiom RS,Diamond
Xacin,Diamond
Wild Savage,Diamond
who does dat,Diamond
weedpuffer,Diamond
VitaminV,Diamond
Viper Face,Diamond
V8 G8,Diamond
Two Ply Bud,Diamond
Twisted Wulf,Diamond
Trinteom,Diamond
tottti,Diamond
Tickaty,Diamond
thediveshack,Diamond
That Is An L,Diamond
Tha Gauntlet,Diamond
TehStacheio,Diamond
SweetFA,Diamond
swampy ben,Diamond
Super Fish,Diamond
Star Burnout,Diamond
Speen Big,Diamond
spedolympics,Diamond
skater420dad,Diamond
Saw Sidge,Diamond
Richxrd,Diamond
Represents,Diamond
Radio Love,Diamond
Pumpasaur,Diamond
picklemoman6,Diamond
Picante,Diamond
P2 Planker,Diamond
OldPlatypus,Diamond
Okay at Best,Diamond
Nubkek,Diamond
NotEvenRare,Diamond
Nay0101,Diamond
Mr Wili,Diamond
Mootsy,Diamond
mau5tr4p15,Diamond
Math q,Diamond
Mamse,Diamond
Main Ave,Diamond
lron Forged,Diamond
lord zq,Diamond
Letaker,Diamond
kkjamin,Diamond
KingSorerR,Diamond
KingOfJelly,Diamond
King Hyoz,Diamond
KIM0CHI,Diamond
Kaloge,Diamond
Jarbo52,Diamond
Ivezz,Diamond
its bulky,Diamond
Iron Mc D,Diamond
Im King XD,Diamond
IamThaLiquor,Diamond
Hysterpedia,Diamond
Huulz,Diamond
Hullcity25,Diamond
Hiroth Caden,Diamond
Hawkbawk,Diamond
Gimmy McGill,Diamond
Full AD Vlad,Diamond
Fatal Gambit,Diamond
FamousPerson,Diamond
Emiya Shiro,Diamond
Draconyte,Diamond
dr8w,Diamond
deathomen,Diamond
Dave Ed,Diamond
Cygni,Diamond
Cuttle,Diamond
cookiiee,Diamond
Combatt,Diamond
ChiefDaBooty,Diamond
chaiinchomp,Diamond
Can It Bozo,Diamond
callmedaddie,Diamond
Brandish,Diamond
Beaverr,Diamond
Bastian_On,Diamond
AureusDraco,Diamond
Aszard,Diamond
ASAP Tahm,Diamond
AnaBanana,Diamond
A m a nd a,Diamond
6oodmen,Diamond
20Four,Diamond
